{
  "Routes": [
    {
      "DownstreamPathTemplate": "/api/Products",
      "DownstreamScheme": "https",
      "DownstreamHostAndPorts": [
        {
          "Host": "localhost",
          "Port": 7066
        }
      ],
      "UpstreamPathTemplate": "/apigateway/Products",
      "UpstreamHttpMethod": [ "GET", "PUT", "POST" ]
    },
    {
      "DownstreamPathTemplate": "/api/Orders",
      "DownstreamScheme": "https",
      "DownstreamHostAndPorts": [
        {
          "Host": "localhost",
          "Port": 7065
        }
      ],
      "UpstreamPathTemplate": "/apigateway/Orders",
      "UpstreamHttpMethod": [ "GET", "PUT", "POST" ]
    },
    {
      "DownstreamPathTemplate": "/api/Products/{id}",
      "DownstreamScheme": "https",
      "DownstreamHostAndPorts": [
        {
          "Host": "localhost",
          "Port": 7066
        }
      ],
      "UpstreamPathTemplate": "/apigateway/Products/{id}",
      "UpstreamHttpMethod": [ "GET", "POST" ]
    },
    {
      "DownstreamPathTemplate": "/api/Orders/{id}",
      "DownstreamScheme": "https",
      "DownstreamHostAndPorts": [
        {
          "Host": "localhost",
          "Port": 7065
        }
      ],
      "UpstreamPathTemplate": "/apigateway/Orders/{id}",
      "UpstreamHttpMethod": [ "GET",  "POST" ]
    }
  ]
}